,episode,score,best_score,noise_scale,reward
1,1.0,-2.516914037384235,-2.516914037384235,0.05,-11.903090238633643
2,2.0,-2.4897703646196057,-2.4897703646196057,0.025,-11.785678051100168
3,3.0,-2.4219817182132712,-2.4219817182132712,0.0125,-11.469348044238032
4,4.0,-2.4538991124386316,-2.4219817182132712,0.025,-11.52742168172801
5,5.0,-2.4918639226625476,-2.4219817182132712,0.05,-11.797754588789502
6,6.0,-2.493265333241887,-2.4219817182132712,0.1,-11.65105274347072
7,7.0,-1.1103185681672594,-1.1103185681672594,0.05,-8.045489350766658
8,8.0,-1.5508245349744625,-1.1103185681672594,0.1,-9.152273814370934
9,9.0,-2.424257002994113,-1.1103185681672594,0.2,-11.49433224510812
10,10.0,-2.444466073449285,-1.1103185681672594,0.4,-11.52846206855133
11,11.0,-2.070114303384546,-1.1103185681672594,0.8,-10.285684735790772
12,12.0,-2.469002821639937,-1.1103185681672594,1.6,-11.301024355715375
13,13.0,-2.062588535234096,-1.1103185681672594,3.2,-10.110543551811261
14,14.0,-1.2076856095853927,-1.1103185681672594,3.2,-8.429489646794341
15,15.0,-2.687034920435158,-1.1103185681672594,3.2,-12.020396102393486
16,16.0,-1.816378413264908,-1.1103185681672594,3.2,-10.939685392917049
17,17.0,-1.6112006289626506,-1.1103185681672594,3.2,-9.508261463020348
18,18.0,-0.9213495255497907,-0.9213495255497907,1.6,-7.67658201594039
19,19.0,-1.601807793232057,-0.9213495255497907,3.2,-9.530502747156529
20,20.0,-1.4958610364601137,-0.9213495255497907,3.2,-9.0580017385534
21,21.0,-0.6910036253588542,-0.6910036253588542,1.6,-7.059562032398343
22,22.0,-1.4034543667747723,-0.6910036253588542,3.2,-8.856897176149925
23,23.0,-1.3843763490675958,-0.6910036253588542,3.2,-8.966213020773946
24,24.0,-1.122105510190325,-0.6910036253588542,3.2,-8.432401484154628
25,25.0,-1.2134192657522078,-0.6910036253588542,3.2,-8.317895674970076
26,26.0,-0.9460309848877987,-0.6910036253588542,3.2,-7.827873997826494
27,27.0,-1.2264318903142508,-0.6910036253588542,3.2,-8.50592402352051
28,28.0,-0.9325413396640915,-0.6910036253588542,3.2,-8.14032931335878
29,29.0,-1.5340741665563729,-0.6910036253588542,3.2,-9.416043534269331
30,30.0,-1.6499219823514906,-0.6910036253588542,3.2,-9.293928882900506
31,31.0,-1.2173621804168757,-0.6910036253588542,3.2,-8.464886062818806
32,32.0,-1.4960498041545864,-0.6910036253588542,3.2,-9.465236369480404
33,33.0,-0.9688894514926377,-0.6910036253588542,3.2,-8.119554565679119
34,34.0,-1.026115433603802,-0.6910036253588542,3.2,-7.625380903674766
35,35.0,-1.9309584860296538,-0.6910036253588542,3.2,-11.149963750819262
36,36.0,-1.7051143358673004,-0.6910036253588542,3.2,-9.41379213005283
37,37.0,-0.7089570076679468,-0.6910036253588542,3.2,-6.6887859365233115
38,38.0,-1.2025902454901665,-0.6910036253588542,3.2,-8.471318142987332
39,39.0,-0.8319302015942265,-0.6910036253588542,3.2,-7.838686984217766
40,40.0,-1.9718636873816868,-0.6910036253588542,3.2,-9.867387188596679
41,41.0,-1.569255662899176,-0.6910036253588542,3.2,-9.328473041713247
42,42.0,-1.583733638776378,-0.6910036253588542,3.2,-9.151675352810187
43,43.0,-0.8754007201648452,-0.6910036253588542,3.2,-8.261037360182664
44,44.0,-1.795494530588656,-0.6910036253588542,3.2,-10.025846528120095
45,45.0,-0.6665047999074926,-0.6665047999074926,1.6,-7.479174353875461
46,46.0,-1.4482730304807696,-0.6665047999074926,3.2,-9.217915831865358
47,47.0,-0.8801426510258749,-0.6665047999074926,3.2,-7.680331146533878
48,48.0,-1.5943404832499812,-0.6665047999074926,3.2,-9.792316324557653
49,49.0,-0.7318718216844059,-0.6665047999074926,3.2,-7.51013535714768
50,50.0,-1.7905701088746477,-0.6665047999074926,3.2,-10.288758981908018
51,51.0,-2.0119263228837845,-0.6665047999074926,3.2,-10.51429892091129
52,52.0,-0.9431051118786966,-0.6665047999074926,3.2,-7.72507685066771
53,53.0,-1.238149608738069,-0.6665047999074926,3.2,-8.937315357031828
54,54.0,-1.7001280314201626,-0.6665047999074926,3.2,-9.663924640127984
55,55.0,-0.922862483331906,-0.6665047999074926,3.2,-7.298713852835698
56,56.0,-1.4168299523031953,-0.6665047999074926,3.2,-8.817089852340642
57,57.0,-1.2823093248229114,-0.6665047999074926,3.2,-8.204515359724075
58,58.0,-1.3482671976325578,-0.6665047999074926,3.2,-8.514008454481992
59,59.0,-1.9541867627739433,-0.6665047999074926,3.2,-10.793833390663302
60,60.0,-1.1135196033105743,-0.6665047999074926,3.2,-8.13507488074571
61,61.0,-0.20857933679802015,-0.20857933679802015,1.6,-6.2695166818929025
62,62.0,-1.371606021199474,-0.20857933679802015,3.2,-7.93063085765518
63,63.0,-0.758230671955602,-0.20857933679802015,3.2,-7.15560778344914
64,64.0,-2.0088214125205144,-0.20857933679802015,3.2,-9.975522245370094
65,65.0,-2.238682680196355,-0.20857933679802015,3.2,-10.665320734843625
66,66.0,-0.8794461177348438,-0.20857933679802015,3.2,-7.559353707790228
67,67.0,-1.8468065842807562,-0.20857933679802015,3.2,-9.855084151462435
68,68.0,-1.0611341587203955,-0.20857933679802015,3.2,-8.716275530930956
69,69.0,-1.2190763741362196,-0.20857933679802015,3.2,-8.370315458607925
70,70.0,-0.42351424654062686,-0.20857933679802015,3.2,-6.621287079027001
71,71.0,-1.85664983322395,-0.20857933679802015,3.2,-10.467199911731926
72,72.0,-0.7806321429589451,-0.20857933679802015,3.2,-6.916454062357706
73,73.0,-0.4987501764689326,-0.20857933679802015,3.2,-7.508343708417108
74,74.0,-1.5750247325297675,-0.20857933679802015,3.2,-9.61770248785285
75,75.0,-1.0563149318375664,-0.20857933679802015,3.2,-8.536611296378565
76,76.0,-1.341362958254793,-0.20857933679802015,3.2,-8.375755266412948
77,77.0,-1.479234352721582,-0.20857933679802015,3.2,-8.402582753484602
78,78.0,-2.0914222095642763,-0.20857933679802015,3.2,-10.235528155087014
79,79.0,-0.5372923987909062,-0.20857933679802015,3.2,-6.683642015246802
80,80.0,-1.2310231629609851,-0.20857933679802015,3.2,-8.407533963572511
81,81.0,-1.0173534664069899,-0.20857933679802015,3.2,-7.997866634853732
82,82.0,-1.6695008042398427,-0.20857933679802015,3.2,-8.699438978401382
83,83.0,-1.3589764124369144,-0.20857933679802015,3.2,-8.554396979587942
84,84.0,-1.0930049943838391,-0.20857933679802015,3.2,-8.496740315067616
85,85.0,-1.6493930539054926,-0.20857933679802015,3.2,-9.615606424727272
86,86.0,-2.542199988675546,-0.20857933679802015,3.2,-11.415907275874634
87,87.0,-0.9716462076448927,-0.20857933679802015,3.2,-7.695818574511695
88,88.0,-0.9145884037224368,-0.20857933679802015,3.2,-8.368921383102071
89,89.0,-0.8657877939975397,-0.20857933679802015,3.2,-7.766127701582296
90,90.0,-1.7874332455828787,-0.20857933679802015,3.2,-10.58048412221698
91,91.0,-1.3120452725945337,-0.20857933679802015,3.2,-8.69336310635007
92,92.0,-1.2432419436341187,-0.20857933679802015,3.2,-9.238843871700322
93,93.0,-0.5829873025509096,-0.20857933679802015,3.2,-6.991497587535385
94,94.0,-0.6942196670007512,-0.20857933679802015,3.2,-7.212251648077449
95,95.0,-0.25568204451437143,-0.20857933679802015,3.2,-6.396987939285252
96,96.0,-1.2980313545100426,-0.20857933679802015,3.2,-8.805489313150515
97,97.0,-1.3602245561510573,-0.20857933679802015,3.2,-10.592882703615885
98,98.0,-1.5133525139486204,-0.20857933679802015,3.2,-9.489331505777475
99,99.0,-2.06749957874459,-0.20857933679802015,3.2,-9.895071404888267
100,100.0,-1.2138573405887587,-0.20857933679802015,3.2,-10.2758162071998
101,101.0,-1.2019091856568025,-0.20857933679802015,3.2,-8.066642450673799
102,102.0,-0.7232511771952582,-0.20857933679802015,3.2,-7.380612952970864
103,103.0,-0.9175976233493895,-0.20857933679802015,3.2,-7.586475516487679
104,104.0,-0.6764792314643887,-0.20857933679802015,3.2,-7.191926034790539
105,105.0,-0.996255035461859,-0.20857933679802015,3.2,-7.394635870196792
106,106.0,-1.0116304578241626,-0.20857933679802015,3.2,-7.8200394127220285
107,107.0,-0.7738849143762273,-0.20857933679802015,3.2,-7.457155709550725
108,108.0,-0.7050353766309273,-0.20857933679802015,3.2,-6.912404133087753
109,109.0,-0.9750108434483978,-0.20857933679802015,3.2,-8.132471374767501
110,110.0,-1.3494519301410794,-0.20857933679802015,3.2,-8.641030207022451
111,111.0,-2.3609007789977454,-0.20857933679802015,3.2,-10.958114505414944
112,112.0,-1.8926830565322639,-0.20857933679802015,3.2,-10.328540158538722
113,113.0,-0.4969992364648983,-0.20857933679802015,3.2,-7.005056972315186
114,114.0,-0.3797626617762251,-0.20857933679802015,3.2,-6.383661073724067
115,115.0,-1.411591525381363,-0.20857933679802015,3.2,-8.239165988267798
116,116.0,-1.7452497624249181,-0.20857933679802015,3.2,-9.748268301528896
117,117.0,-2.098133588281533,-0.20857933679802015,3.2,-10.320153078870776
118,118.0,-1.110676240496385,-0.20857933679802015,3.2,-8.756336446453577
119,119.0,-0.843244667377144,-0.20857933679802015,3.2,-7.548712542622091
120,120.0,-1.441601326714501,-0.20857933679802015,3.2,-9.82180307098269
121,121.0,-1.4676307920201217,-0.20857933679802015,3.2,-9.071140334971389
122,122.0,-1.9409829157454837,-0.20857933679802015,3.2,-9.398809702642701
123,123.0,-0.9440418066706162,-0.20857933679802015,3.2,-8.175145407747284
124,124.0,-1.783395830975354,-0.20857933679802015,3.2,-10.852608678285222
125,125.0,-1.2578110798354736,-0.20857933679802015,3.2,-8.228853072173264
126,126.0,-2.2159835460718456,-0.20857933679802015,3.2,-10.887675059258973
127,127.0,-1.611335146246686,-0.20857933679802015,3.2,-9.387254731146472
128,128.0,-1.4705172122818126,-0.20857933679802015,3.2,-8.318213450377142
129,129.0,-1.6928918203280945,-0.20857933679802015,3.2,-8.839202760850903
130,130.0,-0.8087373660002489,-0.20857933679802015,3.2,-7.663946861568526
131,131.0,-1.0602829268191585,-0.20857933679802015,3.2,-8.959315478874672
132,132.0,-1.9575898764610888,-0.20857933679802015,3.2,-10.699856939513696
133,133.0,-2.1651730402950147,-0.20857933679802015,3.2,-10.378676495832138
134,134.0,-1.4070189577910692,-0.20857933679802015,3.2,-8.5896717583756
135,135.0,-1.3105152213501117,-0.20857933679802015,3.2,-9.637896956903775
136,136.0,-2.0905941609112957,-0.20857933679802015,3.2,-10.746906931391154
137,137.0,-2.6067997904085463,-0.20857933679802015,3.2,-12.462673102660954
138,138.0,-0.5576548142299848,-0.20857933679802015,3.2,-7.026187698313928
139,139.0,-1.5676304554497422,-0.20857933679802015,3.2,-9.27677333059199
140,140.0,-1.612143287224668,-0.20857933679802015,3.2,-8.81267104056466
141,141.0,-0.4487238874482017,-0.20857933679802015,3.2,-6.68200131802808
142,142.0,-1.315299399343111,-0.20857933679802015,3.2,-8.453812116002922
143,143.0,-0.6007014431002808,-0.20857933679802015,3.2,-6.807816421404425
144,144.0,-1.3800677981219343,-0.20857933679802015,3.2,-10.080119905194273
145,145.0,-1.84200769366736,-0.20857933679802015,3.2,-9.63990192276855
146,146.0,-0.6760807541668146,-0.20857933679802015,3.2,-7.225121353423189
147,147.0,-0.8394974299096085,-0.20857933679802015,3.2,-6.644450634167996
148,148.0,-0.3687475747188125,-0.20857933679802015,3.2,-7.011553067464602
149,149.0,-1.4821861251150907,-0.20857933679802015,3.2,-9.23665729624821
150,150.0,-2.0850076730938203,-0.20857933679802015,3.2,-10.411373403395586
151,151.0,-1.4307367125210233,-0.20857933679802015,3.2,-8.257753917886792
152,152.0,-0.6429309448849474,-0.20857933679802015,3.2,-6.88817977871322
153,153.0,-2.0344670784946737,-0.20857933679802015,3.2,-10.701711888950463
154,154.0,-2.30758606589234,-0.20857933679802015,3.2,-11.422036990460695
155,155.0,-1.1669819932575127,-0.20857933679802015,3.2,-8.128000255579217
156,156.0,-0.26225821848097525,-0.20857933679802015,3.2,-6.894747295914094
157,157.0,-0.8343708733066821,-0.20857933679802015,3.2,-6.901952054887165
158,158.0,-1.5587123480185896,-0.20857933679802015,3.2,-9.353925734417738
159,159.0,-0.37076809565780117,-0.20857933679802015,3.2,-6.84435008171266
160,160.0,-1.9789933862798,-0.20857933679802015,3.2,-8.993913447661381
161,161.0,-1.5568065550861248,-0.20857933679802015,3.2,-9.553711531825051
162,162.0,-1.3175497881964033,-0.20857933679802015,3.2,-8.392674422357858
163,163.0,-1.0462196171496208,-0.20857933679802015,3.2,-8.15399216288892
164,164.0,-0.5661677355593353,-0.20857933679802015,3.2,-6.911062397506722
165,165.0,-1.099751427122006,-0.20857933679802015,3.2,-8.404180934042383
166,166.0,-0.8719374079456766,-0.20857933679802015,3.2,-7.544654086446491
167,167.0,-1.483990066104625,-0.20857933679802015,3.2,-8.845715746523533
168,168.0,-1.5140553302595823,-0.20857933679802015,3.2,-9.412219768600817
169,169.0,-1.717168241152432,-0.20857933679802015,3.2,-9.697870398274109
170,170.0,-1.3194136041885427,-0.20857933679802015,3.2,-8.484287789739625
171,171.0,-0.8045765395037351,-0.20857933679802015,3.2,-7.724239955682972
172,172.0,-1.1864246324120749,-0.20857933679802015,3.2,-8.09121918812146
173,173.0,-1.7974209026414047,-0.20857933679802015,3.2,-9.85746958445683
174,174.0,-2.006244689991802,-0.20857933679802015,3.2,-10.276856217531368
175,175.0,-1.3082435302371005,-0.20857933679802015,3.2,-9.814967217359474
176,176.0,-1.6167675817188527,-0.20857933679802015,3.2,-8.99047100225081
177,177.0,-1.0443270521411372,-0.20857933679802015,3.2,-8.645313338988988
178,178.0,-1.0562818680157784,-0.20857933679802015,3.2,-8.368623378568788
179,179.0,-1.7387479294932378,-0.20857933679802015,3.2,-9.297399552636442
180,180.0,-0.8586355585835156,-0.20857933679802015,3.2,-7.563261157336775
181,181.0,-1.0430643925963272,-0.20857933679802015,3.2,-8.280255599802986
182,182.0,-1.1743244149681893,-0.20857933679802015,3.2,-8.799755467885122
183,183.0,-0.9150409271508979,-0.20857933679802015,3.2,-8.580862203878091
184,184.0,-1.7081037292461403,-0.20857933679802015,3.2,-9.411025203815473
185,185.0,-1.7782605312187716,-0.20857933679802015,3.2,-9.618536027847712
186,186.0,-2.415481372732318,-0.20857933679802015,3.2,-11.300387398283661
187,187.0,-1.2269987720942637,-0.20857933679802015,3.2,-8.288058172568318
188,188.0,-1.283250668925579,-0.20857933679802015,3.2,-9.175347597726683
189,189.0,-0.2494931533643479,-0.20857933679802015,3.2,-6.4586766079877265
190,190.0,-0.19523823715923597,-0.19523823715923597,1.6,-6.660066644488651
191,191.0,-0.9871740752477611,-0.19523823715923597,3.2,-7.603525181241549
192,192.0,-0.23940127458345445,-0.19523823715923597,3.2,-6.870332961810224
193,193.0,-1.5675698267114309,-0.19523823715923597,3.2,-9.285542863019137
194,194.0,-0.8976555185058979,-0.19523823715923597,3.2,-7.603980949835316
195,195.0,-0.6876039957639559,-0.19523823715923597,3.2,-6.680313017865676
196,196.0,-1.48073296294324,-0.19523823715923597,3.2,-9.065864831510067
197,197.0,-1.3088952386395738,-0.19523823715923597,3.2,-8.476931855675502
198,198.0,-1.0929687446778307,-0.19523823715923597,3.2,-8.563272733115705
199,199.0,-0.7698033155468126,-0.19523823715923597,3.2,-7.8124751010060525
200,200.0,-1.3401848192012453,-0.19523823715923597,3.2,-8.676958830538553
201,201.0,-2.023337355853385,-0.19523823715923597,3.2,-10.977013602782675
202,202.0,-1.8223351267430274,-0.19523823715923597,3.2,-10.769490189063603
203,203.0,-0.8515887984357492,-0.19523823715923597,3.2,-7.054356918463217
204,204.0,-1.7919634096415946,-0.19523823715923597,3.2,-10.65067990190136
205,205.0,-1.4350473287300787,-0.19523823715923597,3.2,-8.527320572566605
206,206.0,-2.466004808996409,-0.19523823715923597,3.2,-11.57946821867393
207,207.0,-1.4747382997400555,-0.19523823715923597,3.2,-9.658930107270702
208,208.0,-1.198726035851119,-0.19523823715923597,3.2,-8.60812333143977
209,209.0,-1.547035504175294,-0.19523823715923597,3.2,-9.01463774863656
210,210.0,-1.4575860559645593,-0.19523823715923597,3.2,-9.809680183282154
211,211.0,-1.936920981034493,-0.19523823715923597,3.2,-10.05305775532543
212,212.0,-1.0092037759729258,-0.19523823715923597,3.2,-8.292839286819245
213,213.0,-0.8426632012516936,-0.19523823715923597,3.2,-7.22054302931646
214,214.0,-2.042067481632412,-0.19523823715923597,3.2,-10.346696659058571
215,215.0,-1.0397940587056955,-0.19523823715923597,3.2,-7.476472796979406
216,216.0,-1.707697897304589,-0.19523823715923597,3.2,-10.058976988267318
217,217.0,-1.5217423463356496,-0.19523823715923597,3.2,-9.888241633891955
218,218.0,-1.6539555194603126,-0.19523823715923597,3.2,-8.808674913261097
219,219.0,-2.0143904561781336,-0.19523823715923597,3.2,-10.512351814483118
220,220.0,-2.033924599566173,-0.19523823715923597,3.2,-10.668297940849705
221,221.0,-0.8771913879401603,-0.19523823715923597,3.2,-6.9086630087430745
222,222.0,-0.6456607413785583,-0.19523823715923597,3.2,-7.918556392651123
223,223.0,-0.8719285724777176,-0.19523823715923597,3.2,-7.233349635313964
224,224.0,-1.365653280496548,-0.19523823715923597,3.2,-9.628984326278449
225,225.0,-0.5919524647158503,-0.19523823715923597,3.2,-6.972937380098605
226,226.0,-1.4877955635526476,-0.19523823715923597,3.2,-9.489660782534386
227,227.0,-1.4308625066520588,-0.19523823715923597,3.2,-8.811018476843962
228,228.0,-0.42719075838242654,-0.19523823715923597,3.2,-6.891425642239992
229,229.0,-1.1497081964382472,-0.19523823715923597,3.2,-8.003146918650756
230,230.0,-1.5686800013459419,-0.19523823715923597,3.2,-9.415868615057908
231,231.0,-1.2091147701022817,-0.19523823715923597,3.2,-8.715171560381233
232,232.0,-0.699913981044542,-0.19523823715923597,3.2,-6.564355481893981
233,233.0,-1.6866841111443267,-0.19523823715923597,3.2,-9.495240145382343
234,234.0,-0.5020208479959275,-0.19523823715923597,3.2,-6.570720329463637
235,235.0,-0.893109661564615,-0.19523823715923597,3.2,-8.353079431764188
236,236.0,-0.8431685332574462,-0.19523823715923597,3.2,-7.721104338110335
237,237.0,-1.9724213397908383,-0.19523823715923597,3.2,-10.239622815357547
238,238.0,-2.4382156943002395,-0.19523823715923597,3.2,-11.191485211504757
239,239.0,-1.4357775950709322,-0.19523823715923597,3.2,-8.162645711022929
240,240.0,-0.9442913851022727,-0.19523823715923597,3.2,-7.651656688017335
241,241.0,-1.3384622829961552,-0.19523823715923597,3.2,-9.369065504159021
242,242.0,-1.383400298775162,-0.19523823715923597,3.2,-8.93567027553205
243,243.0,-0.8358906886017176,-0.19523823715923597,3.2,-7.345074707018349
244,244.0,-2.345566971327704,-0.19523823715923597,3.2,-10.494567544845378
245,245.0,-1.683123664189991,-0.19523823715923597,3.2,-9.619980170202506
246,246.0,-1.0893680597259294,-0.19523823715923597,3.2,-7.122577412262147
247,247.0,-1.5741020416371305,-0.19523823715923597,3.2,-8.563004401745346
248,248.0,-0.42994749459610987,-0.19523823715923597,3.2,-7.087072507946521
249,249.0,-0.8331488107992098,-0.19523823715923597,3.2,-7.580880383673672
250,250.0,-1.71486206448607,-0.19523823715923597,3.2,-9.180655996913357
251,251.0,-2.1298271700796376,-0.19523823715923597,3.2,-10.54542872753007
252,252.0,-0.7096282283346101,-0.19523823715923597,3.2,-7.503803419967914
253,253.0,-1.4134721516630506,-0.19523823715923597,3.2,-8.19541324505864
254,254.0,-0.5840086227296741,-0.19523823715923597,3.2,-7.026457199305767
255,255.0,-1.1512326287244965,-0.19523823715923597,3.2,-8.448855492751218
256,256.0,-1.031063851142774,-0.19523823715923597,3.2,-8.93007751523944
257,257.0,-0.6214186165563033,-0.19523823715923597,3.2,-7.076447017277069
258,258.0,-1.1147862750800908,-0.19523823715923597,3.2,-7.4698996170479015
259,259.0,-0.9243722399513352,-0.19523823715923597,3.2,-7.961410177184172
260,260.0,-1.5334597065427438,-0.19523823715923597,3.2,-9.77677594277774
261,261.0,-0.9153089320516518,-0.19523823715923597,3.2,-7.498023261621374
262,262.0,-0.9821480445945023,-0.19523823715923597,3.2,-7.350151945349449
263,263.0,-0.711418991519356,-0.19523823715923597,3.2,-7.8070966060492655
264,264.0,-1.7169034705629251,-0.19523823715923597,3.2,-9.453439497342185
265,265.0,-1.184199689161175,-0.19523823715923597,3.2,-8.34007368394786
266,266.0,-0.7887835156912193,-0.19523823715923597,3.2,-6.742669201572327
267,267.0,-1.5514162755411636,-0.19523823715923597,3.2,-9.156443001151322
268,268.0,-1.6549426949064159,-0.19523823715923597,3.2,-9.444386240327665
269,269.0,-1.354452062670463,-0.19523823715923597,3.2,-8.029411036542749
270,270.0,-1.5024081618591973,-0.19523823715923597,3.2,-9.164737077066494
271,271.0,-0.8792511103260372,-0.19523823715923597,3.2,-8.42577028474139
272,272.0,-1.8575218559027298,-0.19523823715923597,3.2,-10.08969708110818
273,273.0,-0.8218007875611462,-0.19523823715923597,3.2,-7.755894839116701
274,274.0,-0.9335307988052269,-0.19523823715923597,3.2,-7.2706297356084395
275,275.0,-0.9821797129572685,-0.19523823715923597,3.2,-8.450528034218939
276,276.0,-0.8210609760549297,-0.19523823715923597,3.2,-6.866744214236405
277,277.0,-1.2407560838396658,-0.19523823715923597,3.2,-7.580267432081357
278,278.0,-1.8327552903858888,-0.19523823715923597,3.2,-10.386602977396823
279,279.0,-1.458697436717293,-0.19523823715923597,3.2,-8.960304993319916
280,280.0,-0.7779770188702053,-0.19523823715923597,3.2,-7.435763637793187
281,281.0,-1.7528548421680725,-0.19523823715923597,3.2,-10.172416570368373
282,282.0,-1.800881994382057,-0.19523823715923597,3.2,-9.892547194253002
283,283.0,-1.696676224273505,-0.19523823715923597,3.2,-9.402179481289512
284,284.0,-1.9941882179112058,-0.19523823715923597,3.2,-10.77961541475986
285,285.0,-0.5467611204613219,-0.19523823715923597,3.2,-7.715822257146462
286,286.0,-1.189140290424707,-0.19523823715923597,3.2,-8.192222025730224
287,287.0,-0.3602784358808461,-0.19523823715923597,3.2,-6.88756014690062
288,288.0,-0.9434285166778444,-0.19523823715923597,3.2,-7.494377299799792
289,289.0,-1.1548725699978932,-0.19523823715923597,3.2,-8.530483829928993
290,290.0,-1.6350582635036448,-0.19523823715923597,3.2,-8.911749099658323
291,291.0,-0.5126047981378256,-0.19523823715923597,3.2,-7.421686971016879
292,292.0,-1.4108931850785564,-0.19523823715923597,3.2,-8.776146519457077
293,293.0,-1.4227328320461916,-0.19523823715923597,3.2,-8.46926442117732
294,294.0,-2.091329449691258,-0.19523823715923597,3.2,-10.83783405330276
295,295.0,-1.8530146179566678,-0.19523823715923597,3.2,-10.132946125427566
296,296.0,-0.950635134883746,-0.19523823715923597,3.2,-7.739686490498278
297,297.0,-1.2729722622298518,-0.19523823715923597,3.2,-8.702018795347081
298,298.0,-1.8125028565983259,-0.19523823715923597,3.2,-10.802895834534564
299,299.0,-0.8905205640939248,-0.19523823715923597,3.2,-8.0970412034607
300,300.0,-2.076973146960742,-0.19523823715923597,3.2,-10.090350414949539
301,301.0,-1.2102096436383722,-0.19523823715923597,3.2,-7.993763066911379
302,302.0,-0.849113336161944,-0.19523823715923597,3.2,-7.86690737760321
303,303.0,-0.7731370307577456,-0.19523823715923597,3.2,-7.502459263160775
304,304.0,-0.731197170100613,-0.19523823715923597,3.2,-6.949298828374447
305,305.0,-1.7681685788417087,-0.19523823715923597,3.2,-9.459574413910673
306,306.0,-0.7628170224425996,-0.19523823715923597,3.2,-7.5790962282651675
307,307.0,-1.7357751145002251,-0.19523823715923597,3.2,-9.33061982184542
308,308.0,-1.9598708001859049,-0.19523823715923597,3.2,-10.471773924635777
309,309.0,-1.1244114537908694,-0.19523823715923597,3.2,-9.04741322751051
310,310.0,-0.7997552021174567,-0.19523823715923597,3.2,-7.235216833108824
311,311.0,-1.879272861989617,-0.19523823715923597,3.2,-9.873326054892
312,312.0,-1.1120598033647842,-0.19523823715923597,3.2,-8.734465205445307
313,313.0,-1.1923694189099912,-0.19523823715923597,3.2,-9.229582682973781
314,314.0,-2.6075517742614855,-0.19523823715923597,3.2,-11.80253361239079
315,315.0,-1.3133799273957083,-0.19523823715923597,3.2,-8.709966009683056
316,316.0,-0.09303113103484047,-0.09303113103484047,1.6,-6.288667567115777
317,317.0,-0.5049093605398834,-0.09303113103484047,3.2,-7.175255312081616
318,318.0,-0.9862647284867201,-0.09303113103484047,3.2,-8.573161846044979
319,319.0,-0.6380303162478766,-0.09303113103484047,3.2,-7.5422879560767795
320,320.0,-0.9005851914570607,-0.09303113103484047,3.2,-8.4085935568338
321,321.0,-0.6298785608819425,-0.09303113103484047,3.2,-7.061016494786766
322,322.0,-1.0237142075280343,-0.09303113103484047,3.2,-7.876612431734371
323,323.0,-0.5825843685146121,-0.09303113103484047,3.2,-7.21792921449396
324,324.0,-0.6174573990389496,-0.09303113103484047,3.2,-7.167395018251354
325,325.0,-2.059430909162971,-0.09303113103484047,3.2,-10.227024080141696
326,326.0,-0.342199558757365,-0.09303113103484047,3.2,-6.3041481804830894
327,327.0,-1.251788130020763,-0.09303113103484047,3.2,-8.32757177602906
328,328.0,-1.3290085344204825,-0.09303113103484047,3.2,-9.096071808029036
329,329.0,-1.7594191661074035,-0.09303113103484047,3.2,-9.06956013765101
330,330.0,-0.8580922946630515,-0.09303113103484047,3.2,-7.889124087026037
331,331.0,-1.0381441539633969,-0.09303113103484047,3.2,-8.040971361681287
332,332.0,-0.6778739798050262,-0.09303113103484047,3.2,-6.962884618980119
333,333.0,-1.7195457329040973,-0.09303113103484047,3.2,-9.974263276031687
334,334.0,-1.212441175719176,-0.09303113103484047,3.2,-8.343566600908119
335,335.0,-0.6172112595490458,-0.09303113103484047,3.2,-6.974723725830092
336,336.0,-0.7620707299511751,-0.09303113103484047,3.2,-7.544838680490205
337,337.0,-1.5579831651674076,-0.09303113103484047,3.2,-9.467352323792174
338,338.0,-0.9443959775376798,-0.09303113103484047,3.2,-7.313542142483487
339,339.0,-1.252300964183028,-0.09303113103484047,3.2,-7.816213636905854
340,340.0,-1.4339245446489204,-0.09303113103484047,3.2,-10.749642411266876
341,341.0,-1.7737652768250967,-0.09303113103484047,3.2,-10.061694283898781
342,342.0,-0.7377818806427048,-0.09303113103484047,3.2,-6.920813588435728
343,343.0,-0.8231978514895729,-0.09303113103484047,3.2,-7.44769264980037
344,344.0,-1.7789538852734312,-0.09303113103484047,3.2,-10.067517913122746
345,345.0,-1.008393078927582,-0.09303113103484047,3.2,-8.005444538112151
346,346.0,-1.8737246583448488,-0.09303113103484047,3.2,-10.905802695228743
347,347.0,-1.5593647822553278,-0.09303113103484047,3.2,-9.263836539627608
348,348.0,-0.9579981429330735,-0.09303113103484047,3.2,-8.203244704058163
349,349.0,-1.0648934362315763,-0.09303113103484047,3.2,-8.124197759398047
350,350.0,-1.4286407076329777,-0.09303113103484047,3.2,-9.139234250882247
351,351.0,-2.04149336503883,-0.09303113103484047,3.2,-10.690071172940254
352,352.0,-0.5956564758949485,-0.09303113103484047,3.2,-7.685016029579662
353,353.0,-1.4253895375538412,-0.09303113103484047,3.2,-9.43347487783754
354,354.0,-1.1181490118140978,-0.09303113103484047,3.2,-8.143957969555503
355,355.0,-2.350553687189592,-0.09303113103484047,3.2,-11.105355074938878
356,356.0,-0.7749830632963125,-0.09303113103484047,3.2,-7.617140800650775
357,357.0,-1.0905760923324803,-0.09303113103484047,3.2,-8.031845595718178
358,358.0,-1.3467689398691862,-0.09303113103484047,3.2,-9.339285119457562
359,359.0,-1.3979245714151063,-0.09303113103484047,3.2,-9.307601527710556
360,360.0,-1.0765632073856692,-0.09303113103484047,3.2,-8.451071829637607
361,361.0,-0.8492367323585953,-0.09303113103484047,3.2,-7.066324783545397
362,362.0,-2.0366306507564382,-0.09303113103484047,3.2,-10.609452128807138
363,363.0,-1.63745771005165,-0.09303113103484047,3.2,-9.38563812766484
364,364.0,-1.2300322959809977,-0.09303113103484047,3.2,-8.378669185378458
365,365.0,-0.8827503487424718,-0.09303113103484047,3.2,-7.857628479900412
366,366.0,-0.6014486381787383,-0.09303113103484047,3.2,-7.415213617486161
367,367.0,-0.18726494085253498,-0.09303113103484047,3.2,-6.5412962176325875
368,368.0,-0.8100738800399643,-0.09303113103484047,3.2,-7.399810746259162
369,369.0,-1.7547180574884982,-0.09303113103484047,3.2,-9.764211432059785
370,370.0,-0.7993020647380745,-0.09303113103484047,3.2,-6.912890481844496
371,371.0,-1.2026884085846654,-0.09303113103484047,3.2,-8.288283077198702
372,372.0,-0.5872522307641109,-0.09303113103484047,3.2,-7.018962529219145
373,373.0,-0.5861023411437336,-0.09303113103484047,3.2,-6.089179867014724
374,374.0,-0.5922706843625292,-0.09303113103484047,3.2,-7.203988364310213
375,375.0,-0.7731782283052822,-0.09303113103484047,3.2,-7.83581424127987
376,376.0,-1.1576522052050813,-0.09303113103484047,3.2,-8.171575461136708
377,377.0,-0.5515877421837352,-0.09303113103484047,3.2,-6.488804174280249
378,378.0,-0.6358161440447446,-0.09303113103484047,3.2,-7.184384552476799
379,379.0,-0.8004308667215838,-0.09303113103484047,3.2,-6.7562335491281065
380,380.0,-0.5780688801660024,-0.09303113103484047,3.2,-6.824256885500839
381,381.0,-1.6486480389642637,-0.09303113103484047,3.2,-8.954420112645927
382,382.0,-1.916705194465374,-0.09303113103484047,3.2,-10.242055059578018
383,383.0,-0.7963266466752035,-0.09303113103484047,3.2,-6.977268236625568
384,384.0,-1.963101553749132,-0.09303113103484047,3.2,-10.512506544350007
385,385.0,-0.642770281791959,-0.09303113103484047,3.2,-6.750615388120918
386,386.0,-1.3311803922555436,-0.09303113103484047,3.2,-8.64692886733639
387,387.0,-0.09735541026886231,-0.09303113103484047,3.2,-6.239663342190138
388,388.0,-1.6523751148265973,-0.09303113103484047,3.2,-9.293031753635827
389,389.0,-1.4008610919213862,-0.09303113103484047,3.2,-9.103282870695075
390,390.0,-1.0692234762044621,-0.09303113103484047,3.2,-8.498664301081167
391,391.0,-1.4240018220535062,-0.09303113103484047,3.2,-9.553681494495034
392,392.0,-1.4596106849339716,-0.09303113103484047,3.2,-9.53359761746954
393,393.0,-0.6330556940103041,-0.09303113103484047,3.2,-7.18156673264305
394,394.0,-1.5749526640250502,-0.09303113103484047,3.2,-9.635986952317406
395,395.0,-0.7956209831336168,-0.09303113103484047,3.2,-8.041697669796894
396,396.0,-1.7033688532569882,-0.09303113103484047,3.2,-10.95518107673653
397,397.0,-0.7080762794655991,-0.09303113103484047,3.2,-7.315025754642373
398,398.0,-1.2770240650063507,-0.09303113103484047,3.2,-8.812592553605255
399,399.0,-1.576736226769042,-0.09303113103484047,3.2,-9.332969499888382
400,400.0,-0.7960318928811074,-0.09303113103484047,3.2,-7.413912920092795
401,401.0,-1.0713282190401292,-0.09303113103484047,3.2,-8.31820484791047
402,402.0,-0.9803050807830331,-0.09303113103484047,3.2,-7.796877801320228
403,403.0,-0.980177281360312,-0.09303113103484047,3.2,-8.002564312766115
404,404.0,-0.9806283505468856,-0.09303113103484047,3.2,-8.519718747291506
405,405.0,-0.8866185339116462,-0.09303113103484047,3.2,-7.906152488728107
406,406.0,-1.0972157702603071,-0.09303113103484047,3.2,-8.646865553893363
407,407.0,-1.4620570067346808,-0.09303113103484047,3.2,-9.34343395348078
408,408.0,-1.5025831293294791,-0.09303113103484047,3.2,-9.136816420323205
409,409.0,-1.748731059052585,-0.09303113103484047,3.2,-9.98444966596605
410,410.0,-0.800255857664658,-0.09303113103484047,3.2,-8.12200758936236
411,411.0,-2.40725821798799,-0.09303113103484047,3.2,-11.603134460076898
412,412.0,-1.6275412898653547,-0.09303113103484047,3.2,-9.477615147173672
413,413.0,-2.5776924525711773,-0.09303113103484047,3.2,-12.10587081767205
414,414.0,-1.1853556612174416,-0.09303113103484047,3.2,-8.624289988666069
415,415.0,-1.2209814277038142,-0.09303113103484047,3.2,-8.909810212442837
416,416.0,-0.8531175270878043,-0.09303113103484047,3.2,-7.75640386335041
417,417.0,-0.15712812413817204,-0.09303113103484047,3.2,-6.292119969730141
418,418.0,-1.809419180971861,-0.09303113103484047,3.2,-9.486949642326007
419,419.0,-1.4257880158702985,-0.09303113103484047,3.2,-8.996571468222102
420,420.0,-1.3129206457005764,-0.09303113103484047,3.2,-8.697630274580684
421,421.0,-1.460065180909376,-0.09303113103484047,3.2,-8.418340406272364
422,422.0,-1.475949807505221,-0.09303113103484047,3.2,-8.343762630767237
423,423.0,-1.0725876962269363,-0.09303113103484047,3.2,-7.9277847696246155
424,424.0,-0.820133697170535,-0.09303113103484047,3.2,-7.527389438038602
425,425.0,-1.2201932161566311,-0.09303113103484047,3.2,-8.831388169183736
426,426.0,-1.4763549442215986,-0.09303113103484047,3.2,-9.042387833933997
427,427.0,-1.12767747364534,-0.09303113103484047,3.2,-9.019834176468088
428,428.0,-0.847447426160086,-0.09303113103484047,3.2,-6.834694965173593
429,429.0,-1.6197271090976557,-0.09303113103484047,3.2,-10.16442590077968
430,430.0,-1.5004949622982602,-0.09303113103484047,3.2,-9.21597835428644
431,431.0,-1.0134859168823178,-0.09303113103484047,3.2,-8.879373678028603
432,432.0,-1.099828033553947,-0.09303113103484047,3.2,-7.891399351256454
433,433.0,-1.2198205309500485,-0.09303113103484047,3.2,-8.71869268185383
434,434.0,-0.46602706637905683,-0.09303113103484047,3.2,-7.127570057955454
435,435.0,-1.0712200888364396,-0.09303113103484047,3.2,-8.052309220866082
436,436.0,-0.4836733858451259,-0.09303113103484047,3.2,-6.6296173670573175
437,437.0,-1.6251337679826494,-0.09303113103484047,3.2,-9.252869202555189
438,438.0,-1.3761045653027029,-0.09303113103484047,3.2,-9.005244402166825
439,439.0,-1.8325922686614442,-0.09303113103484047,3.2,-9.878834097807427
440,440.0,-1.6996947868716492,-0.09303113103484047,3.2,-9.644947071050149
441,441.0,-0.551036182104396,-0.09303113103484047,3.2,-6.19477850632892
442,442.0,-0.9692961556218087,-0.09303113103484047,3.2,-7.540750843374927
443,443.0,-1.6658106890372426,-0.09303113103484047,3.2,-8.832279264568381
444,444.0,-1.4486991778707246,-0.09303113103484047,3.2,-9.587731044174514
445,445.0,-0.8951737022802903,-0.09303113103484047,3.2,-8.276149550233347
446,446.0,-1.5047367903196738,-0.09303113103484047,3.2,-9.444505750260586
447,447.0,-0.7762908089486397,-0.09303113103484047,3.2,-7.2032406212478985
448,448.0,-1.496991638614243,-0.09303113103484047,3.2,-9.23991614729885
449,449.0,-0.6894825727603043,-0.09303113103484047,3.2,-7.958677058746343
450,450.0,-0.455741370950209,-0.09303113103484047,3.2,-6.478311696058336
451,451.0,-1.603346474708603,-0.09303113103484047,3.2,-10.195735878838248
452,452.0,-1.7840342362482955,-0.09303113103484047,3.2,-9.565587136545444
453,453.0,-1.0524057248744865,-0.09303113103484047,3.2,-7.76836680572019
454,454.0,-0.3960738347074214,-0.09303113103484047,3.2,-6.248859820229078
455,455.0,-0.949065833062479,-0.09303113103484047,3.2,-8.510436846703373
456,456.0,-0.6392667335505964,-0.09303113103484047,3.2,-7.073559959358623
457,457.0,-1.4833124650935126,-0.09303113103484047,3.2,-10.297499925919166
458,458.0,-1.0135293410277166,-0.09303113103484047,3.2,-8.376827828214633
459,459.0,-0.27546386171806725,-0.09303113103484047,3.2,-6.222303142470876
460,460.0,-2.0802364781310483,-0.09303113103484047,3.2,-11.157902102043055
461,461.0,-1.1133704879926853,-0.09303113103484047,3.2,-8.337758865347809
462,462.0,-1.0291101983443784,-0.09303113103484047,3.2,-8.281520294393616
463,463.0,-1.3441718882714608,-0.09303113103484047,3.2,-9.109022961321628
464,464.0,-0.4756497208061927,-0.09303113103484047,3.2,-6.624524808855599
465,465.0,-1.5659839963529252,-0.09303113103484047,3.2,-9.105182886895811
466,466.0,-1.3242089911042771,-0.09303113103484047,3.2,-9.440275604166334
467,467.0,-0.960731673635736,-0.09303113103484047,3.2,-7.852770418846467
468,468.0,-1.4537411275988934,-0.09303113103484047,3.2,-8.765651227872848
469,469.0,-1.0976210107672693,-0.09303113103484047,3.2,-8.616312056580995
470,470.0,-0.5376579503682394,-0.09303113103484047,3.2,-7.086968316711349
471,471.0,-0.9404433975288091,-0.09303113103484047,3.2,-8.220887652962524
472,472.0,-0.5243985544682915,-0.09303113103484047,3.2,-7.1169369065821195
473,473.0,-1.665015873293615,-0.09303113103484047,3.2,-9.744107301048107
474,474.0,-2.0013906483512476,-0.09303113103484047,3.2,-10.6091186632681
475,475.0,-2.0291283919029373,-0.09303113103484047,3.2,-10.729680690129053
476,476.0,-0.9773467229223808,-0.09303113103484047,3.2,-7.099264422776537
477,477.0,-1.5008578151612046,-0.09303113103484047,3.2,-9.035158147492972
478,478.0,-1.8008975785850734,-0.09303113103484047,3.2,-10.281460782482007
479,479.0,-0.6532420815624925,-0.09303113103484047,3.2,-6.60152818958427
480,480.0,-1.2783924787101675,-0.09303113103484047,3.2,-9.198920928887752
481,481.0,-2.558337396219333,-0.09303113103484047,3.2,-11.647376476120613
482,482.0,-1.28999418243643,-0.09303113103484047,3.2,-8.877188080270688
483,483.0,-1.2758755277106044,-0.09303113103484047,3.2,-9.183086383008733
484,484.0,-0.8487170670572809,-0.09303113103484047,3.2,-7.319621643767072
485,485.0,-1.4810830097200995,-0.09303113103484047,3.2,-8.599880177335953
486,486.0,-0.9877624309644845,-0.09303113103484047,3.2,-8.263160657757405
487,487.0,-1.8458078866371312,-0.09303113103484047,3.2,-10.398616312317227
488,488.0,-0.6155731413690538,-0.09303113103484047,3.2,-6.876847147830246
489,489.0,-2.050188386780957,-0.09303113103484047,3.2,-10.969181818382058
490,490.0,-1.5783216915180283,-0.09303113103484047,3.2,-9.161893493653384
491,491.0,-1.3925730680974004,-0.09303113103484047,3.2,-9.279297587854778
492,492.0,-0.8957929911778542,-0.09303113103484047,3.2,-6.783445163507986
493,493.0,-1.0434940945467233,-0.09303113103484047,3.2,-7.6370465782363155
494,494.0,-1.9536252207804712,-0.09303113103484047,3.2,-10.064999401619481
495,495.0,-1.6422520624844368,-0.09303113103484047,3.2,-9.334572737739766
496,496.0,-1.5132652580064982,-0.09303113103484047,3.2,-9.115616233403907
497,497.0,-1.8374413543791206,-0.09303113103484047,3.2,-10.453112840436605
498,498.0,-1.538044611407254,-0.09303113103484047,3.2,-8.843124618127593
499,499.0,-1.03841425546319,-0.09303113103484047,3.2,-8.229384410753674
500,500.0,-0.9599734429777623,-0.09303113103484047,3.2,-8.136985058797556
501,501.0,-1.4859142058638655,-0.09303113103484047,3.2,-9.43962414739984
502,502.0,-1.8429257034005955,-0.09303113103484047,3.2,-10.99999534241723
503,503.0,-1.897030936402458,-0.09303113103484047,3.2,-10.313020357947817
504,504.0,-2.209581456425886,-0.09303113103484047,3.2,-11.648746611910406
505,505.0,-2.793698435836788,-0.09303113103484047,3.2,-12.94217170703142
506,506.0,-0.4278516006021511,-0.09303113103484047,3.2,-6.494481901557725
507,507.0,-1.1215534776107,-0.09303113103484047,3.2,-8.616537600772794
508,508.0,-2.2127335211965504,-0.09303113103484047,3.2,-10.839892056026322
509,509.0,-1.0078356018360344,-0.09303113103484047,3.2,-7.007323531935294
510,510.0,-1.5379599476551247,-0.09303113103484047,3.2,-9.672533785997722
511,511.0,-0.810902505498363,-0.09303113103484047,3.2,-7.32810849220995
512,512.0,-1.1116653592826529,-0.09303113103484047,3.2,-8.527360571031554
513,513.0,-0.7899795986153814,-0.09303113103484047,3.2,-6.98925588019341
514,514.0,-0.5361045539192425,-0.09303113103484047,3.2,-6.330254142381097
515,515.0,-0.49266505149374734,-0.09303113103484047,3.2,-6.988069805746376
516,516.0,-0.8577933124360345,-0.09303113103484047,3.2,-7.893366944352264
517,517.0,-1.135608765889084,-0.09303113103484047,3.2,-8.728953343537924
518,518.0,-1.2126008121216616,-0.09303113103484047,3.2,-9.302096562027895
519,519.0,-1.7461146387188944,-0.09303113103484047,3.2,-9.383957122601624
520,520.0,-0.7271748683866245,-0.09303113103484047,3.2,-8.33980383333089
521,521.0,-0.7087765315917037,-0.09303113103484047,3.2,-7.42620209080763
522,522.0,-0.8807108764090834,-0.09303113103484047,3.2,-7.815581363705039
523,523.0,-1.5709415039635533,-0.09303113103484047,3.2,-9.098966596830756
524,524.0,-1.2966643915336633,-0.09303113103484047,3.2,-8.101091047933593
525,525.0,-0.670720434686255,-0.09303113103484047,3.2,-6.7110310509336895
526,526.0,-2.5010432540154395,-0.09303113103484047,3.2,-11.73589973070964
527,527.0,-1.257338944124064,-0.09303113103484047,3.2,-8.982251433570898
528,528.0,-2.025929039430191,-0.09303113103484047,3.2,-10.948801570023667
529,529.0,-0.8251762438408412,-0.09303113103484047,3.2,-7.331026873240423
530,530.0,-1.842522851740614,-0.09303113103484047,3.2,-9.852545333231927
531,531.0,-0.848553781349174,-0.09303113103484047,3.2,-8.058683391359846
532,532.0,-0.31552972404224433,-0.09303113103484047,3.2,-6.194562810141792
533,533.0,-1.3317323704170883,-0.09303113103484047,3.2,-8.7104521426978
534,534.0,-1.3140303305540546,-0.09303113103484047,3.2,-8.879034514283914
535,535.0,-1.3406777519061623,-0.09303113103484047,3.2,-9.091398689202993
536,536.0,-1.755867662488015,-0.09303113103484047,3.2,-9.095883031503636
537,537.0,-0.3391596904845218,-0.09303113103484047,3.2,-6.210426158966884
538,538.0,-0.7342879920196288,-0.09303113103484047,3.2,-7.478343722275813
539,539.0,-1.8733973749089166,-0.09303113103484047,3.2,-9.7682766262481
540,540.0,-1.7056256632940394,-0.09303113103484047,3.2,-9.226317093453993
541,541.0,-0.8372190335308076,-0.09303113103484047,3.2,-7.016021478625637
542,542.0,-1.2560131831328207,-0.09303113103484047,3.2,-8.573315249721752
543,543.0,-1.8608635205469342,-0.09303113103484047,3.2,-10.400089468168252
544,544.0,-2.1028809583632806,-0.09303113103484047,3.2,-11.287123500609447
545,545.0,-0.537771619176846,-0.09303113103484047,3.2,-7.007868267219832
546,546.0,-1.199565990023492,-0.09303113103484047,3.2,-8.528915656012565
547,547.0,-0.25836163420247776,-0.09303113103484047,3.2,-6.020887789589206
548,548.0,-1.8939664154678013,-0.09303113103484047,3.2,-10.495657928697408
549,549.0,-1.00160325458848,-0.09303113103484047,3.2,-7.421195151437046
550,550.0,-0.7145441271728158,-0.09303113103484047,3.2,-7.150368533461039
551,551.0,-1.5082351924470774,-0.09303113103484047,3.2,-9.591000403296286
552,552.0,-1.602953190289321,-0.09303113103484047,3.2,-10.24143142684957
553,553.0,-2.538240101727024,-0.09303113103484047,3.2,-12.710552227250071
554,554.0,-1.9016777266095815,-0.09303113103484047,3.2,-11.656719297066548
555,555.0,-0.5561154238496068,-0.09303113103484047,3.2,-6.89686123715015
556,556.0,-0.19736465467873562,-0.09303113103484047,3.2,-6.535977751531686
557,557.0,-0.9511912039205483,-0.09303113103484047,3.2,-7.514323740858984
558,558.0,-0.45084206672952687,-0.09303113103484047,3.2,-7.184153661350191
559,559.0,-1.3335996210471175,-0.09303113103484047,3.2,-8.181075728183425
560,560.0,-0.7740749119119404,-0.09303113103484047,3.2,-7.0446186597730005
561,561.0,-1.8257591918425664,-0.09303113103484047,3.2,-9.908084413675804
562,562.0,-1.7295206566770853,-0.09303113103484047,3.2,-10.077101602581962
563,563.0,-1.2457799282129658,-0.09303113103484047,3.2,-8.306048225193418
564,564.0,-1.199915561222596,-0.09303113103484047,3.2,-7.630175913175045
565,565.0,-1.0038486344945825,-0.09303113103484047,3.2,-8.089647393673012
566,566.0,-1.3003500118002398,-0.09303113103484047,3.2,-8.635397785482477
567,567.0,-1.6736520867668088,-0.09303113103484047,3.2,-10.044969350411272
568,568.0,-1.2129027576285079,-0.09303113103484047,3.2,-9.148374028538468
569,569.0,-0.27959413019283863,-0.09303113103484047,3.2,-6.291058888518831
570,570.0,-0.299701741397702,-0.09303113103484047,3.2,-6.59599044866768
571,571.0,-0.5778803030091576,-0.09303113103484047,3.2,-8.352930514369906
572,572.0,-1.4740094648715594,-0.09303113103484047,3.2,-9.842627655372556
573,573.0,-1.916631971286021,-0.09303113103484047,3.2,-10.539876780016478
574,574.0,-1.198724524258975,-0.09303113103484047,3.2,-8.536362343013378
575,575.0,-0.8249440041375039,-0.09303113103484047,3.2,-7.791574915241172
576,576.0,-0.5077240150408702,-0.09303113103484047,3.2,-7.673715084354351
577,577.0,-0.7507258246328318,-0.09303113103484047,3.2,-7.6818792192889465
578,578.0,-1.2025339159752688,-0.09303113103484047,3.2,-8.708281992251965
579,579.0,-1.3504572354904678,-0.09303113103484047,3.2,-8.342909492278768
580,580.0,-2.0374343942504503,-0.09303113103484047,3.2,-11.082533248039827
581,581.0,-0.5120235071943205,-0.09303113103484047,3.2,-7.778764498253372
582,582.0,-0.6014683298247105,-0.09303113103484047,3.2,-6.976949637831089
583,583.0,-0.29506616741327835,-0.09303113103484047,3.2,-6.8217418688976
584,584.0,-1.5550864699374798,-0.09303113103484047,3.2,-8.601271444420936
585,585.0,-1.3176057731777353,-0.09303113103484047,3.2,-7.665372457208024
586,586.0,-1.6196367042410673,-0.09303113103484047,3.2,-9.71162042479979
587,587.0,-1.2651094572580113,-0.09303113103484047,3.2,-8.611423733830085
588,588.0,-1.5013703054794323,-0.09303113103484047,3.2,-9.076472374536621
589,589.0,-0.9226527694664733,-0.09303113103484047,3.2,-7.519948999015954
590,590.0,-1.0133489927892738,-0.09303113103484047,3.2,-8.262805835841665
591,591.0,-1.3225098589978852,-0.09303113103484047,3.2,-8.321585901207552
592,592.0,-0.8936863986633936,-0.09303113103484047,3.2,-7.9712999351077425
593,593.0,-1.023120311739032,-0.09303113103484047,3.2,-8.379652000764926
594,594.0,-1.6998169809113204,-0.09303113103484047,3.2,-9.39623757131265
595,595.0,-1.3603732542421798,-0.09303113103484047,3.2,-9.502552442946705
596,596.0,-1.7943752811438989,-0.09303113103484047,3.2,-9.459934231029857
597,597.0,-2.399532414848428,-0.09303113103484047,3.2,-11.388748363112597
598,598.0,-1.3825458957600152,-0.09303113103484047,3.2,-8.674092521468637
599,599.0,-2.0027769365417014,-0.09303113103484047,3.2,-10.18998191941287
600,600.0,-2.1735771485427504,-0.09303113103484047,3.2,-10.574272760189151
601,601.0,-1.4403084111584812,-0.09303113103484047,3.2,-8.908242691645754
602,602.0,-1.9416277236254402,-0.09303113103484047,3.2,-10.618789798279812
603,603.0,-1.7578830109888461,-0.09303113103484047,3.2,-9.197523985213845
604,604.0,-1.854544329835659,-0.09303113103484047,3.2,-10.223400754884628
605,605.0,-2.4369340147621754,-0.09303113103484047,3.2,-11.929024693193494
606,606.0,-1.251110215688933,-0.09303113103484047,3.2,-8.79547744795655
607,607.0,-0.8880374617084182,-0.09303113103484047,3.2,-6.705114583062561
608,608.0,-0.3997745715107565,-0.09303113103484047,3.2,-7.4392766059606545
609,609.0,-0.8550678689725953,-0.09303113103484047,3.2,-7.275817349643641
610,610.0,-0.5268871319193447,-0.09303113103484047,3.2,-7.558358852122385
611,611.0,-0.7695576126955174,-0.09303113103484047,3.2,-7.3162941121186
612,612.0,-1.8839247683223934,-0.09303113103484047,3.2,-9.723523133251131
613,613.0,-0.34262563419868486,-0.09303113103484047,3.2,-6.398039023268183
614,614.0,-1.2157941918016437,-0.09303113103484047,3.2,-8.910742788936597
615,615.0,-1.2272524982147253,-0.09303113103484047,3.2,-8.665183468060212
616,616.0,-0.8692398093424037,-0.09303113103484047,3.2,-8.368839385341246
617,617.0,-1.8069642464511186,-0.09303113103484047,3.2,-9.799438047343942
618,618.0,-0.839921854792362,-0.09303113103484047,3.2,-7.650798412085455
619,619.0,-1.5809048818173375,-0.09303113103484047,3.2,-9.535981802232074
620,620.0,-0.4508733352026615,-0.09303113103484047,3.2,-7.424683488333
621,621.0,-0.770553815259163,-0.09303113103484047,3.2,-7.214903873735448
622,622.0,-1.75458976379992,-0.09303113103484047,3.2,-9.173118008800467
623,623.0,-1.157394347253669,-0.09303113103484047,3.2,-8.519576900804786
624,624.0,-1.3822146174328018,-0.09303113103484047,3.2,-9.239146032821376
625,625.0,-1.5961447842327563,-0.09303113103484047,3.2,-9.637384808305502
626,626.0,-1.1174624416286076,-0.09303113103484047,3.2,-8.532216695210662
627,627.0,-1.0389455029817336,-0.09303113103484047,3.2,-8.102820454669263
628,628.0,-0.4125741106733419,-0.09303113103484047,3.2,-6.46115318064118
629,629.0,-1.4352178822928128,-0.09303113103484047,3.2,-9.536706424820308
630,630.0,-1.3409218673685162,-0.09303113103484047,3.2,-9.1761930346599
631,631.0,-1.3359490879408762,-0.09303113103484047,3.2,-9.178874007249753
632,632.0,-1.1217935536347283,-0.09303113103484047,3.2,-8.088202887773196
633,633.0,-1.8412764449224888,-0.09303113103484047,3.2,-9.820304585799697
634,634.0,-0.764143521032509,-0.09303113103484047,3.2,-7.541092426746243
635,635.0,-1.4446753927784255,-0.09303113103484047,3.2,-8.813584394040044
636,636.0,-0.43953606896029496,-0.09303113103484047,3.2,-6.550931902174799
637,637.0,-1.4752206348334695,-0.09303113103484047,3.2,-8.739695491488744
638,638.0,-1.1003402132852238,-0.09303113103484047,3.2,-7.7963122751941825
639,639.0,-2.248417609826746,-0.09303113103484047,3.2,-10.34119026152863
640,640.0,-1.7180795858253044,-0.09303113103484047,3.2,-9.527747224214753
641,641.0,-1.1573759636057936,-0.09303113103484047,3.2,-8.088988823409096
642,642.0,-1.5113853163676294,-0.09303113103484047,3.2,-9.628035172844774
643,643.0,-1.2466577848179914,-0.09303113103484047,3.2,-8.65029991857314
644,644.0,-1.3776263373471846,-0.09303113103484047,3.2,-8.557726745465398
645,645.0,-0.8718621762108472,-0.09303113103484047,3.2,-7.727372190893016
646,646.0,-1.2302053512543178,-0.09303113103484047,3.2,-8.225463503144379
647,647.0,-0.885156679876962,-0.09303113103484047,3.2,-7.341427527253858
648,648.0,-1.0622614719952546,-0.09303113103484047,3.2,-7.955614483415859
649,649.0,-0.622131648203435,-0.09303113103484047,3.2,-6.795531457955311
650,650.0,-1.051169118130063,-0.09303113103484047,3.2,-8.578107866436763
651,651.0,-1.190424036857428,-0.09303113103484047,3.2,-7.700054445548954
652,652.0,-2.3332186668423054,-0.09303113103484047,3.2,-11.374629109738546
653,653.0,-1.3793604805361557,-0.09303113103484047,3.2,-9.17155974504125
654,654.0,-1.3223205246319083,-0.09303113103484047,3.2,-8.522906616886546
655,655.0,-1.4160266200007487,-0.09303113103484047,3.2,-9.424306240113342
656,656.0,-0.24429846347919004,-0.09303113103484047,3.2,-6.683055786922848
657,657.0,-1.1207380740591308,-0.09303113103484047,3.2,-8.250040648492893
658,658.0,-0.4498326884192215,-0.09303113103484047,3.2,-6.387728650223995
659,659.0,-0.7238163113202684,-0.09303113103484047,3.2,-6.61917612989825
660,660.0,-0.8850083675506306,-0.09303113103484047,3.2,-7.747438404344226
661,661.0,-2.45827829287825,-0.09303113103484047,3.2,-11.854343528031805
662,662.0,-0.5501684965992973,-0.09303113103484047,3.2,-6.5961421475897115
663,663.0,-1.7048602070575678,-0.09303113103484047,3.2,-9.493745240449265
664,664.0,-1.1194738947960658,-0.09303113103484047,3.2,-8.774917182943653
665,665.0,-1.2945040013851048,-0.09303113103484047,3.2,-7.880779853764372
666,666.0,-1.4759381941567489,-0.09303113103484047,3.2,-8.228942038745778
667,667.0,-0.7788157102675589,-0.09303113103484047,3.2,-7.505632602763502
668,668.0,-0.82578967501804,-0.09303113103484047,3.2,-7.605148546726732
669,669.0,-1.087883829049187,-0.09303113103484047,3.2,-8.620546831357402
670,670.0,-0.8894344538063179,-0.09303113103484047,3.2,-8.524934112509158
671,671.0,-1.1234443321768814,-0.09303113103484047,3.2,-8.320726576474517
672,672.0,-1.0457117035043932,-0.09303113103484047,3.2,-8.367415989543762
673,673.0,-0.8039957729106045,-0.09303113103484047,3.2,-7.730674289949196
674,674.0,-0.686225200597587,-0.09303113103484047,3.2,-7.213740075928696
675,675.0,-1.1678319496415226,-0.09303113103484047,3.2,-9.089761134109379
676,676.0,-1.0436769926423977,-0.09303113103484047,3.2,-8.326338821758537
677,677.0,-1.4936119511171635,-0.09303113103484047,3.2,-9.927155664233327
678,678.0,-0.8619502059654217,-0.09303113103484047,3.2,-8.479745505949674
679,679.0,-1.2109053168134898,-0.09303113103484047,3.2,-7.945121038471237
680,680.0,-1.30473192039743,-0.09303113103484047,3.2,-8.804265079332929
681,681.0,-0.04543673863557315,-0.04543673863557315,1.6,-6.195163218946558
682,682.0,-1.6032785664759814,-0.04543673863557315,3.2,-9.946966015820472
683,683.0,-1.1098962932875656,-0.04543673863557315,3.2,-8.608308044027675
684,684.0,-1.0519623474276987,-0.04543673863557315,3.2,-8.512556048172017
685,685.0,-3.3162211514972006,-0.04543673863557315,3.2,-13.719085854718845
686,686.0,-0.8956573096944198,-0.04543673863557315,3.2,-8.40722413588649
687,687.0,-0.754567519791629,-0.04543673863557315,3.2,-8.099596231306949
688,688.0,-1.910729388535909,-0.04543673863557315,3.2,-10.078900108727375
689,689.0,-1.9680057638444999,-0.04543673863557315,3.2,-9.92259488480461
690,690.0,-1.8412668535795467,-0.04543673863557315,3.2,-10.308404356178384
691,691.0,-1.0590363987784384,-0.04543673863557315,3.2,-7.517078263387498
692,692.0,-0.7403935978370273,-0.04543673863557315,3.2,-7.60416605348737
693,693.0,-2.0200143208878383,-0.04543673863557315,3.2,-10.288467940358451
694,694.0,-1.03132505893405,-0.04543673863557315,3.2,-8.09379004533685
695,695.0,-1.5620103864200232,-0.04543673863557315,3.2,-9.31140877945884
696,696.0,-1.4848205712615186,-0.04543673863557315,3.2,-8.494821997939322
697,697.0,-0.7158616241633585,-0.04543673863557315,3.2,-7.505121623911997
698,698.0,-1.6235086419896165,-0.04543673863557315,3.2,-9.468843683237552
699,699.0,-0.8549873104107021,-0.04543673863557315,3.2,-8.453954829920903
700,700.0,-0.8027401678605579,-0.04543673863557315,3.2,-7.424890828959418
701,701.0,-1.2058108792601696,-0.04543673863557315,3.2,-8.411081180121156
702,702.0,-0.7840114348227322,-0.04543673863557315,3.2,-6.81343033397402
703,703.0,-1.1719193200978848,-0.04543673863557315,3.2,-8.115276231828572
704,704.0,-1.068389374005055,-0.04543673863557315,3.2,-8.443173073793753
705,705.0,-0.6733601039701017,-0.04543673863557315,3.2,-7.285027294984529
706,706.0,-1.063552894216094,-0.04543673863557315,3.2,-8.521687832719985
707,707.0,-1.3152246687181075,-0.04543673863557315,3.2,-8.621521114047638
708,708.0,-1.3941716762744045,-0.04543673863557315,3.2,-9.045172145276302
709,709.0,-1.0653264271397984,-0.04543673863557315,3.2,-7.666004855451556
710,710.0,-1.1098691907822065,-0.04543673863557315,3.2,-7.922422376786103
711,711.0,-2.10916759184098,-0.04543673863557315,3.2,-10.780294412874158
712,712.0,-0.7374715526604481,-0.04543673863557315,3.2,-7.742642982798526
713,713.0,-1.629298922339225,-0.04543673863557315,3.2,-9.517549303430766
714,714.0,-1.29827640416003,-0.04543673863557315,3.2,-8.753605416053258
715,715.0,-1.4698330124117087,-0.04543673863557315,3.2,-9.707272493148011
716,716.0,-1.474654022990585,-0.04543673863557315,3.2,-9.36779924461753
717,717.0,-1.2372323160752587,-0.04543673863557315,3.2,-8.1145875203967
718,718.0,-1.524124213086298,-0.04543673863557315,3.2,-10.087380854544659
719,719.0,-0.8269045582783867,-0.04543673863557315,3.2,-6.759649029564497
720,720.0,-1.9615423059761383,-0.04543673863557315,3.2,-9.94903935788777
721,721.0,-0.8080255307346168,-0.04543673863557315,3.2,-8.085143355679364
722,722.0,-0.9628076792891344,-0.04543673863557315,3.2,-7.865615573269978
723,723.0,-1.0523883566657977,-0.04543673863557315,3.2,-8.44610134120969
724,724.0,-1.1255186963694805,-0.04543673863557315,3.2,-8.476226090277999
725,725.0,-1.3179881616936346,-0.04543673863557315,3.2,-8.121651147607643
726,726.0,-2.633704351907688,-0.04543673863557315,3.2,-11.496010745189086
727,727.0,-1.388219090801025,-0.04543673863557315,3.2,-9.327740060864894
728,728.0,-0.714408536874676,-0.04543673863557315,3.2,-7.053221376272151
729,729.0,-1.3165533323615006,-0.04543673863557315,3.2,-9.186539129241925
730,730.0,-1.1320271603256276,-0.04543673863557315,3.2,-8.010200447443903
731,731.0,-2.805908916832889,-0.04543673863557315,3.2,-12.274619905458742
732,732.0,-1.5199635793219197,-0.04543673863557315,3.2,-9.398072881890187
733,733.0,-1.361962548447967,-0.04543673863557315,3.2,-8.266313567084879
734,734.0,-1.3189683182989165,-0.04543673863557315,3.2,-8.066425133926773
735,735.0,-1.1387101950043361,-0.04543673863557315,3.2,-8.491925259871202
736,736.0,-0.8173401113873463,-0.04543673863557315,3.2,-7.275144454016544
737,737.0,-1.622138130400439,-0.04543673863557315,3.2,-9.63598602679562
738,738.0,-2.1525033127252104,-0.04543673863557315,3.2,-11.14794095479263
739,739.0,-0.8306876159097419,-0.04543673863557315,3.2,-6.906252899291345
740,740.0,-1.1144891354652156,-0.04543673863557315,3.2,-8.551601234260026
741,741.0,-1.9095990217359062,-0.04543673863557315,3.2,-9.909127824054508
742,742.0,-0.8204362297158735,-0.04543673863557315,3.2,-7.477316780626379
743,743.0,-1.6400746405549271,-0.04543673863557315,3.2,-9.827207414602462
744,744.0,-2.735267994546418,-0.04543673863557315,3.2,-11.980338028332266
745,745.0,-1.1666070815714766,-0.04543673863557315,3.2,-8.160452633329044
746,746.0,-1.7030759548959549,-0.04543673863557315,3.2,-9.30470858157744
747,747.0,-1.1618558202166258,-0.04543673863557315,3.2,-8.913584618238616
748,748.0,-1.468234111759916,-0.04543673863557315,3.2,-9.820480852481529
749,749.0,-0.45207426103776904,-0.04543673863557315,3.2,-6.58829940633167
750,750.0,-1.8078242433211573,-0.04543673863557315,3.2,-9.776518186931922
751,751.0,-1.336680259743694,-0.04543673863557315,3.2,-8.086202090595588
752,752.0,-1.4582696625237328,-0.04543673863557315,3.2,-8.871134665329702
753,753.0,-1.0817809166065453,-0.04543673863557315,3.2,-9.41248981271389
754,754.0,-1.287929801157176,-0.04543673863557315,3.2,-8.443612566015606
755,755.0,-0.9396072062043825,-0.04543673863557315,3.2,-7.929832238449176
756,756.0,-0.7173249748756071,-0.04543673863557315,3.2,-7.325486710542707
757,757.0,-1.3259733619826732,-0.04543673863557315,3.2,-8.812699682798
758,758.0,-1.5414382861512135,-0.04543673863557315,3.2,-10.132567291061001
759,759.0,-0.8115147270506071,-0.04543673863557315,3.2,-7.418037747180438
760,760.0,-0.6595350130099102,-0.04543673863557315,3.2,-7.018355718432707
761,761.0,-2.147606966727452,-0.04543673863557315,3.2,-10.800470117110716
762,762.0,-0.5807262486437303,-0.04543673863557315,3.2,-6.584336145751459
763,763.0,-0.7498365012626979,-0.04543673863557315,3.2,-6.94835438200289
764,764.0,-1.4380255006124405,-0.04543673863557315,3.2,-8.84888366349947
765,765.0,-0.9655421716577748,-0.04543673863557315,3.2,-8.323406832523066
766,766.0,-1.6047747548775406,-0.04543673863557315,3.2,-9.421090808826222
767,767.0,-0.6145607961861106,-0.04543673863557315,3.2,-6.825358826017876
768,768.0,-1.0979109881753053,-0.04543673863557315,3.2,-8.000104782937143
769,769.0,-0.8485922191981186,-0.04543673863557315,3.2,-8.079646590354272
770,770.0,-1.6404302539472209,-0.04543673863557315,3.2,-9.2797439457646
771,771.0,-2.0122456519605194,-0.04543673863557315,3.2,-10.591373785775655
772,772.0,-0.8545062014469255,-0.04543673863557315,3.2,-8.280166692123736
773,773.0,-1.6406763164246536,-0.04543673863557315,3.2,-9.10914840320379
774,774.0,-1.2777112617754036,-0.04543673863557315,3.2,-8.41660087593874
775,775.0,-1.3838290233859811,-0.04543673863557315,3.2,-8.631782085078449
776,776.0,-1.0253482561880856,-0.04543673863557315,3.2,-8.294280865299022
777,777.0,-0.9244894350700358,-0.04543673863557315,3.2,-7.588995060025783
778,778.0,-0.7066200194944409,-0.04543673863557315,3.2,-7.056726169592164
779,779.0,-1.116294972035121,-0.04543673863557315,3.2,-7.52221672373805
780,780.0,-0.7907619378675975,-0.04543673863557315,3.2,-7.257594314179804
781,781.0,-1.3527452652384324,-0.04543673863557315,3.2,-9.561188837263023
782,782.0,-0.7748112753172591,-0.04543673863557315,3.2,-7.665159180675591
783,783.0,-1.2049643300666564,-0.04543673863557315,3.2,-8.591381814384594
784,784.0,-1.6445110729874843,-0.04543673863557315,3.2,-8.753695804618527
785,785.0,-2.638080716634364,-0.04543673863557315,3.2,-12.026303046227568
786,786.0,-0.9927723075754711,-0.04543673863557315,3.2,-8.050791617952187
787,787.0,-1.4480184581293616,-0.04543673863557315,3.2,-8.621509111045892
788,788.0,-1.5247019326134932,-0.04543673863557315,3.2,-9.400922540607471
789,789.0,-1.1856456979028687,-0.04543673863557315,3.2,-9.180352176526023
790,790.0,-0.38780145965735,-0.04543673863557315,3.2,-6.728044530080504
791,791.0,-1.4214492292365546,-0.04543673863557315,3.2,-8.96357514217923
792,792.0,-0.36957646253764986,-0.04543673863557315,3.2,-6.267245021823397
793,793.0,-1.8643129470418496,-0.04543673863557315,3.2,-9.860829114322023
794,794.0,-1.8305193585781676,-0.04543673863557315,3.2,-10.096078128987923
795,795.0,-0.38439255630220936,-0.04543673863557315,3.2,-6.811970857193486
796,796.0,-1.3493087883834018,-0.04543673863557315,3.2,-8.988750037716613
797,797.0,-1.1465256141293052,-0.04543673863557315,3.2,-8.6673003388116
798,798.0,-1.0522794892439367,-0.04543673863557315,3.2,-8.17234397981374
799,799.0,-0.7315811444790056,-0.04543673863557315,3.2,-7.220712940461042
800,800.0,-1.1645655188941442,-0.04543673863557315,3.2,-8.167750669333202
801,801.0,-1.4937314311226757,-0.04543673863557315,3.2,-9.024585716413736
802,802.0,-1.2794001347165984,-0.04543673863557315,3.2,-8.52315673657352
803,803.0,-2.5022919119309415,-0.04543673863557315,3.2,-11.874686498920765
804,804.0,-1.361233480947926,-0.04543673863557315,3.2,-8.389033309361459
805,805.0,-0.8850920434843256,-0.04543673863557315,3.2,-7.658079156437999
806,806.0,-2.03314699286052,-0.04543673863557315,3.2,-9.8580077138403
807,807.0,-1.1565787389263493,-0.04543673863557315,3.2,-8.415335383259912
808,808.0,-0.9538300961052789,-0.04543673863557315,3.2,-8.020133521436891
809,809.0,-1.6077533604721126,-0.04543673863557315,3.2,-9.095089023312145
810,810.0,-0.5605213248015225,-0.04543673863557315,3.2,-6.985330853643468
811,811.0,-0.36788635842204104,-0.04543673863557315,3.2,-6.1909276494363805
812,812.0,-1.2954456065071243,-0.04543673863557315,3.2,-8.45036862937714
813,813.0,-0.9244113777983753,-0.04543673863557315,3.2,-8.73347218578334
814,814.0,-1.820385369123164,-0.04543673863557315,3.2,-10.159858035884351
815,815.0,-1.239160145755393,-0.04543673863557315,3.2,-7.9468932668118075
816,816.0,-1.2223414067666676,-0.04543673863557315,3.2,-8.977880984963566
817,817.0,-1.4796901337330692,-0.04543673863557315,3.2,-9.156628597551911
818,818.0,-0.8994813050306322,-0.04543673863557315,3.2,-7.376892622029037
819,819.0,-0.5720482520074093,-0.04543673863557315,3.2,-7.726569566601261
820,820.0,-0.5013126557168373,-0.04543673863557315,3.2,-6.632863384441265
821,821.0,-1.2912142368494028,-0.04543673863557315,3.2,-8.5367238079161
822,822.0,-0.9700835425672373,-0.04543673863557315,3.2,-8.756780008139433
823,823.0,-0.6909181606758014,-0.04543673863557315,3.2,-7.449880242652558
824,824.0,-2.3060439023250585,-0.04543673863557315,3.2,-11.080592468180445
825,825.0,-0.7787856149823619,-0.04543673863557315,3.2,-7.585697592969151
826,826.0,-1.3665233390728764,-0.04543673863557315,3.2,-8.215623237245323
827,827.0,-1.3170197622220052,-0.04543673863557315,3.2,-8.35890028029987
828,828.0,-1.2009889734447148,-0.04543673863557315,3.2,-8.853919931701924
829,829.0,-0.3691920361543692,-0.04543673863557315,3.2,-7.242388415018979
830,830.0,-0.8325269420925956,-0.04543673863557315,3.2,-7.396296796411146
831,831.0,-1.3865082774018849,-0.04543673863557315,3.2,-9.067240827491428
832,832.0,-1.0894451323798193,-0.04543673863557315,3.2,-7.577672673637014
833,833.0,-0.5378858378681229,-0.04543673863557315,3.2,-7.390132104727188
834,834.0,-1.5363671481239185,-0.04543673863557315,3.2,-9.243212351462931
835,835.0,-1.9941346797237667,-0.04543673863557315,3.2,-10.252945195375652
836,836.0,-1.894113507884228,-0.04543673863557315,3.2,-10.06449592361977
837,837.0,-1.7928129537269677,-0.04543673863557315,3.2,-9.353666666753805
838,838.0,-1.7796073579159473,-0.04543673863557315,3.2,-9.541301459883623
839,839.0,-0.7507839070318219,-0.04543673863557315,3.2,-8.108650399597913
840,840.0,-1.1068000428419693,-0.04543673863557315,3.2,-8.394692109395923
841,841.0,-1.2133401287398593,-0.04543673863557315,3.2,-8.682876712035217
842,842.0,-1.7850682078031785,-0.04543673863557315,3.2,-9.675032254372185
843,843.0,-0.533733777251143,-0.04543673863557315,3.2,-6.974581407455466
844,844.0,-1.3074058427763091,-0.04543673863557315,3.2,-8.515529860825511
845,845.0,-0.8911206243661747,-0.04543673863557315,3.2,-7.993514500611294
846,846.0,-1.0104572184883154,-0.04543673863557315,3.2,-8.15170467700488
847,847.0,-0.8632791682945886,-0.04543673863557315,3.2,-7.103286823200104
848,848.0,-1.075595615585643,-0.04543673863557315,3.2,-9.361649288984271
849,849.0,-1.7962619325305529,-0.04543673863557315,3.2,-9.09022657172699
850,850.0,-1.5870366246791061,-0.04543673863557315,3.2,-9.0897883800241
851,851.0,-0.8361554007855525,-0.04543673863557315,3.2,-6.986229047012813
852,852.0,-0.7247239607679477,-0.04543673863557315,3.2,-8.158428608418692
853,853.0,-0.6867625919261534,-0.04543673863557315,3.2,-7.150837312424899
854,854.0,-2.3121883792642914,-0.04543673863557315,3.2,-11.277779862480918
855,855.0,-1.3034077701672835,-0.04543673863557315,3.2,-8.895031725063056
856,856.0,-1.288742817453477,-0.04543673863557315,3.2,-8.815363803970405
857,857.0,-1.766396518450942,-0.04543673863557315,3.2,-9.705949946348692
858,858.0,-0.34133843615688303,-0.04543673863557315,3.2,-6.445485214994454
859,859.0,-0.9689025657131984,-0.04543673863557315,3.2,-7.384993850407516
860,860.0,-1.3484374258795198,-0.04543673863557315,3.2,-8.547291375598538
861,861.0,-1.9599736130671468,-0.04543673863557315,3.2,-9.969489151833931
862,862.0,-2.0007273499922418,-0.04543673863557315,3.2,-10.988694212743045
863,863.0,-0.8582637648295791,-0.04543673863557315,3.2,-8.34729752332176
864,864.0,-0.45641225820119335,-0.04543673863557315,3.2,-6.548094777791173
865,865.0,-2.1954970906162328,-0.04543673863557315,3.2,-10.48913591742711
866,866.0,-1.6342028898816845,-0.04543673863557315,3.2,-9.268282824329187
867,867.0,-0.9070420984436708,-0.04543673863557315,3.2,-7.4568667124875905
868,868.0,-1.0870053083588624,-0.04543673863557315,3.2,-7.832097196781589
869,869.0,-1.145818643820319,-0.04543673863557315,3.2,-8.336735597796517
870,870.0,-1.406385392324828,-0.04543673863557315,3.2,-8.935400232013732
871,871.0,-0.9799310046780428,-0.04543673863557315,3.2,-8.00055872870822
872,872.0,-1.411309107132991,-0.04543673863557315,3.2,-8.007301777209742
873,873.0,-1.0051540081887778,-0.04543673863557315,3.2,-8.393742835925941
874,874.0,-1.295936313086972,-0.04543673863557315,3.2,-9.085366987371902
875,875.0,-1.1947647349371688,-0.04543673863557315,3.2,-7.671791518806707
876,876.0,-0.5453264338008973,-0.04543673863557315,3.2,-7.2247485958386894
877,877.0,-0.7494248298419806,-0.04543673863557315,3.2,-6.877678289501895
878,878.0,-0.3750415978495979,-0.04543673863557315,3.2,-6.484861938400671
879,879.0,-0.21625153416795714,-0.04543673863557315,3.2,-6.175180494051501
880,880.0,-1.1574195382223003,-0.04543673863557315,3.2,-8.252153924012244
881,881.0,-0.41380391225267105,-0.04543673863557315,3.2,-6.657266525710318
882,882.0,-1.083248718631345,-0.04543673863557315,3.2,-7.610515439948525
883,883.0,-1.4519499672747862,-0.04543673863557315,3.2,-8.639510948685807
884,884.0,-0.3707834678668998,-0.04543673863557315,3.2,-6.958986588710356
885,885.0,-1.0892761354635516,-0.04543673863557315,3.2,-8.015342916145226
886,886.0,-0.9578893560560197,-0.04543673863557315,3.2,-7.818644343651178
887,887.0,-0.8262054371298405,-0.04543673863557315,3.2,-7.866832591450949
888,888.0,-0.553431918172064,-0.04543673863557315,3.2,-7.062718505807107
889,889.0,-1.5802783205521338,-0.04543673863557315,3.2,-9.042871038170173
890,890.0,-2.5981186831322254,-0.04543673863557315,3.2,-13.101706863504495
891,891.0,-1.3606130676305483,-0.04543673863557315,3.2,-8.803707276216128
892,892.0,-1.9954540142713681,-0.04543673863557315,3.2,-10.325090912027672
893,893.0,-1.281399295496804,-0.04543673863557315,3.2,-8.36562237283045
894,894.0,-0.7227846833014566,-0.04543673863557315,3.2,-7.591523073222959
895,895.0,-0.42725108641524157,-0.04543673863557315,3.2,-7.092499245196284
896,896.0,-1.2463323906607104,-0.04543673863557315,3.2,-8.636424401876898
897,897.0,-1.1970738584653478,-0.04543673863557315,3.2,-8.930319746358652
898,898.0,-2.410968317631094,-0.04543673863557315,3.2,-11.030287845271578
899,899.0,-2.0712045110202304,-0.04543673863557315,3.2,-10.568926335193282
900,900.0,-0.6681319245466405,-0.04543673863557315,3.2,-7.59833958845357
901,901.0,-1.9669470249781185,-0.04543673863557315,3.2,-10.07877579214485
902,902.0,-1.3659409085626333,-0.04543673863557315,3.2,-8.110820197829847
903,903.0,-1.2053963190394592,-0.04543673863557315,3.2,-8.419715192977172
904,904.0,-1.9079355155147717,-0.04543673863557315,3.2,-9.80501625895699
905,905.0,-1.3791398537319903,-0.04543673863557315,3.2,-9.126002453544473
906,906.0,-1.3582568828520645,-0.04543673863557315,3.2,-9.506419080707168
907,907.0,-0.9797911132842343,-0.04543673863557315,3.2,-7.4776432967811015
908,908.0,-1.4170648945259439,-0.04543673863557315,3.2,-10.124909276395517
909,909.0,-2.1619313843231116,-0.04543673863557315,3.2,-10.450588932815798
910,910.0,-1.373227014907647,-0.04543673863557315,3.2,-8.43367032682583
911,911.0,-0.2882093919618715,-0.04543673863557315,3.2,-6.8578931968516095
912,912.0,-0.5161056776237519,-0.04543673863557315,3.2,-7.718861069978649
913,913.0,-0.7352408529568114,-0.04543673863557315,3.2,-7.75911855819998
914,914.0,-2.419127647296013,-0.04543673863557315,3.2,-10.498695582182048
915,915.0,-1.7878484318469665,-0.04543673863557315,3.2,-9.95095101227839
916,916.0,-1.1752886069047168,-0.04543673863557315,3.2,-8.245284282090209
917,917.0,-0.9687441695378511,-0.04543673863557315,3.2,-7.71187216260428
918,918.0,-1.2905723021967175,-0.04543673863557315,3.2,-9.058115347621111
919,919.0,-2.2479055217537653,-0.04543673863557315,3.2,-10.66084695931957
920,920.0,-0.985878944954218,-0.04543673863557315,3.2,-7.657193857219778
921,921.0,-1.1832169779435695,-0.04543673863557315,3.2,-8.681501146158862
922,922.0,-0.5421765711537267,-0.04543673863557315,3.2,-7.044844611544418
923,923.0,-0.5339550988007218,-0.04543673863557315,3.2,-7.420671623309046
924,924.0,-0.7622598353675846,-0.04543673863557315,3.2,-7.591116173445943
925,925.0,-2.741365186939395,-0.04543673863557315,3.2,-12.770432899882739
926,926.0,-0.5277427884902602,-0.04543673863557315,3.2,-6.667120440428889
927,927.0,-1.9954943076183653,-0.04543673863557315,3.2,-11.086068933693968
928,928.0,-0.8770995453024594,-0.04543673863557315,3.2,-7.795735118896205
929,929.0,-1.3868381274164818,-0.04543673863557315,3.2,-9.4059364580908
930,930.0,-0.9472836784587397,-0.04543673863557315,3.2,-8.191808261642976
931,931.0,-2.196910176217397,-0.04543673863557315,3.2,-10.817978375485946
932,932.0,-0.10711010131547886,-0.04543673863557315,3.2,-6.3769275588698
933,933.0,-1.3505252599344015,-0.04543673863557315,3.2,-8.692060277049862
934,934.0,-0.7754931251397146,-0.04543673863557315,3.2,-7.260569218344822
935,935.0,-1.9109646180644686,-0.04543673863557315,3.2,-10.498627093860927
936,936.0,-1.3307921560661107,-0.04543673863557315,3.2,-8.616740609150657
937,937.0,-0.8948021350524189,-0.04543673863557315,3.2,-8.336815787949412
938,938.0,-1.1957390714254386,-0.04543673863557315,3.2,-8.060669532912835
939,939.0,-0.6540379172116668,-0.04543673863557315,3.2,-6.782828054746499
940,940.0,-2.1323909974129642,-0.04543673863557315,3.2,-10.553257369984486
941,941.0,-0.6759648992906141,-0.04543673863557315,3.2,-7.732372982068645
942,942.0,-0.9592267330394428,-0.04543673863557315,3.2,-8.0953925906387
943,943.0,-0.9188164399484701,-0.04543673863557315,3.2,-8.319868960663449
944,944.0,-1.5608046553129509,-0.04543673863557315,3.2,-9.152585552905627
945,945.0,-0.531279834781471,-0.04543673863557315,3.2,-7.249857888275445
946,946.0,-1.4805738879366614,-0.04543673863557315,3.2,-9.348402868367323
947,947.0,-0.9653440600505726,-0.04543673863557315,3.2,-8.0358724292309
948,948.0,-0.5749674106060657,-0.04543673863557315,3.2,-7.412234414450461
949,949.0,-1.0558833604679678,-0.04543673863557315,3.2,-7.474272335939595
950,950.0,-0.8199399755761151,-0.04543673863557315,3.2,-6.900519435536605
951,951.0,-1.1918049724030888,-0.04543673863557315,3.2,-8.876232081870963
952,952.0,-0.6387024158582864,-0.04543673863557315,3.2,-7.522503940673678
953,953.0,-0.6416685124432705,-0.04543673863557315,3.2,-7.664492127463282
954,954.0,-1.0773823475606648,-0.04543673863557315,3.2,-7.772517175960628
955,955.0,-1.226421706303286,-0.04543673863557315,3.2,-8.328450000393463
956,956.0,-0.48409473099568784,-0.04543673863557315,3.2,-7.000098255806351
957,957.0,-0.8978678196054755,-0.04543673863557315,3.2,-7.6368551214500275
958,958.0,-0.8521320474829037,-0.04543673863557315,3.2,-7.795593884407898
959,959.0,-0.8294342750538289,-0.04543673863557315,3.2,-7.543174491220235
960,960.0,-0.9415387575354418,-0.04543673863557315,3.2,-8.21411496856536
961,961.0,-0.7866898391139525,-0.04543673863557315,3.2,-7.524845010199281
962,962.0,-1.1496957614727952,-0.04543673863557315,3.2,-8.54559093450982
963,963.0,-1.3079857263924897,-0.04543673863557315,3.2,-8.436465512810116
964,964.0,-1.6492807579477604,-0.04543673863557315,3.2,-10.006994820637335
965,965.0,-0.46062134702778496,-0.04543673863557315,3.2,-6.612625704041276
966,966.0,-0.25253250994701293,-0.04543673863557315,3.2,-6.63597033273799
967,967.0,-1.356663382392192,-0.04543673863557315,3.2,-8.594454726038023
968,968.0,-0.674170058530162,-0.04543673863557315,3.2,-7.004184072739788
969,969.0,-1.0070995517004473,-0.04543673863557315,3.2,-8.332375405204242
970,970.0,-1.4408669606889832,-0.04543673863557315,3.2,-8.688479265015332
971,971.0,-0.8228475340577471,-0.04543673863557315,3.2,-8.005996372684217
972,972.0,-0.88419597511616,-0.04543673863557315,3.2,-6.987245340988472
973,973.0,-1.6802402318582559,-0.04543673863557315,3.2,-9.309585242235313
974,974.0,-1.2951315822012601,-0.04543673863557315,3.2,-9.286810640139715
975,975.0,-1.028203217883589,-0.04543673863557315,3.2,-8.215201044387662
976,976.0,-1.2468727808749593,-0.04543673863557315,3.2,-8.392651698674005
977,977.0,-1.6564706080539133,-0.04543673863557315,3.2,-9.557218923661534
978,978.0,-0.558747036453879,-0.04543673863557315,3.2,-7.602957498654398
979,979.0,-0.9105049760433521,-0.04543673863557315,3.2,-8.2600098889495
980,980.0,-0.6012247583320052,-0.04543673863557315,3.2,-6.6816791255681665
981,981.0,-1.1617083221073299,-0.04543673863557315,3.2,-9.021303709511596
982,982.0,-0.8295254797599986,-0.04543673863557315,3.2,-7.401595840564717
983,983.0,-1.1865671289473791,-0.04543673863557315,3.2,-8.350507268816148
984,984.0,-1.7462390055934007,-0.04543673863557315,3.2,-10.086034361348554
985,985.0,-0.8425913989598696,-0.04543673863557315,3.2,-7.401677619994946
986,986.0,-1.0998290714303824,-0.04543673863557315,3.2,-8.190944587028822
987,987.0,-1.920712742374011,-0.04543673863557315,3.2,-11.2228881292428
988,988.0,-0.8096966789476658,-0.04543673863557315,3.2,-7.737537769743668
989,989.0,-1.893533599870534,-0.04543673863557315,3.2,-9.804193328549271
990,990.0,0.14900945408808866,0.14900945408808866,1.6,-6.07252536358352
991,991.0,-0.549814652330181,0.14900945408808866,3.2,-7.151069589389483
992,992.0,-0.41413372478167393,0.14900945408808866,3.2,-6.589321067396753
993,993.0,-0.49849540764539196,0.14900945408808866,3.2,-6.904325217534851
994,994.0,-2.276978109879479,0.14900945408808866,3.2,-11.625832641699741
995,995.0,-1.7218777734569097,0.14900945408808866,3.2,-9.916990721867545
996,996.0,-1.717070061937586,0.14900945408808866,3.2,-9.42171219665413
997,997.0,-0.4985962587613884,0.14900945408808866,3.2,-7.6254110631932175
998,998.0,-2.0046317579419837,0.14900945408808866,3.2,-10.72731906370759
999,999.0,-1.4008958391106898,0.14900945408808866,3.2,-9.087986030440602
1000,1000.0,-1.1219849886643967,0.14900945408808866,3.2,-8.448368924000217
